﻿Designator,Quantity,Value,Footprint,Package,MPN,DNP,Mount_Type,MF,Description_1,Price,Check_prices,STANDARD,PARTREV,SnapEDA_Link,MP,Availability,MANUFACTURER,Description
"J1, J2",2,TSW-106-07-G-S-LL,PinHeader_1x06_P2.54mm_Vertical,None,,,tht,Samtec,"
TSW - Samtec 2.54mm Pin Header 10.92mm Overall Pin Length (07) - Fast Stock
",None,https://www.snapeda.com/parts/TSW-106-07-G-S-LL/Samtec/view-part/?ref=eda,Manufacturer Recommendations,R,https://www.snapeda.com/parts/TSW-106-07-G-S-LL/Samtec/view-part/?ref=snap,TSW-106-07-G-S-LL,In Stock,Samtec,
NT1,1,~,IN-12,,,,tht,,,,,,,,,,,
R1,1,R,R_1206_3216Metric,,,,smt,,,,,,,,,,,Resistor
